comment_text,toxic
This is a safe comment number 1543,0
This is a toxic comment number 1692,1
"Hoy, pagpalain ka",0
LOVE WINS,0
This is a safe comment number 1423,0
This is a toxic comment number 630,1
This is a safe comment number 205,0
Kill yourself ðŸ˜‚,1
This is a toxic comment number 1290,1
This is a toxic comment number 662,1
Shut up loser ðŸ˜‚,1
This is a safe comment number 1177,0
This is a safe comment number 1477,0
This is a safe comment number 1391,0
This is a toxic comment number 1698,1
This is a toxic comment number 576,1
This is a safe comment number 1075,0
This is a safe comment number 873,0
This is a toxic comment number 1044,1
This is a safe comment number 1025,0
This is a safe comment number 1853,0
This is a safe comment number 539,0
This is a safe comment number 1623,0
This is a safe comment number 111,0
This is a safe comment number 1809,0
This is a toxic comment number 934,1
This is a safe comment number 139,0
This is a safe comment number 523,0
This is a safe comment number 1387,0
This is a safe comment number 643,0
This is a safe comment number 491,0
sira ulo!,1
This is a safe comment number 1041,0
This is a toxic comment number 514,1
This is a safe comment number 841,0
This is a safe comment number 1967,0
This is a toxic comment number 462,1
This is a toxic comment number 152,1
This is a safe comment number 1439,0
This is a safe comment number 479,0
This is a safe comment number 567,0
WELL DONE,0
This is a safe comment number 1643,0
This is a safe comment number 305,0
This is a toxic comment number 542,1
This is a toxic comment number 218,1
This is a toxic comment number 466,1
This is a safe comment number 1919,0
This is a toxic comment number 438,1
This is a toxic comment number 1468,1
This is a safe comment number 1059,0
This is a safe comment number 1475,0
This is a safe comment number 975,0
This is a safe comment number 33,0
This is a toxic comment number 400,1
maraming salamat,0
"Hey, Shut up loser",1
This is a safe comment number 997,0
Stay positive ðŸ˜‚,0
"Hoy, buti pa ikaw",0
This is a safe comment number 1713,0
This is a toxic comment number 350,1
This is a toxic comment number 826,1
This is a toxic comment number 1214,1
This is a safe comment number 151,0
This is a toxic comment number 1138,1
This is a safe comment number 1245,0
This is a safe comment number 439,0
This is a safe comment number 435,0
This is a safe comment number 589,0
Have a nice day,0
This is a safe comment number 669,0
This is a toxic comment number 888,1
This is a toxic comment number 1358,1
This is a safe comment number 1981,0
This is a toxic comment number 92,1
This is a toxic comment number 842,1
This is a safe comment number 161,0
wala kang silbi!,1
This is a toxic comment number 666,1
This is a safe comment number 1875,0
This is a toxic comment number 1172,1
This is a toxic comment number 348,1
This is a safe comment number 1359,0
This is a toxic comment number 1746,1
This is a safe comment number 1865,0
This is a toxic comment number 1588,1
This is a safe comment number 1963,0
This is a safe comment number 1129,0
SALAMAT PO,0
This is a toxic comment number 242,1
This is a safe comment number 1271,0
This is a toxic comment number 1446,1
WALANG KWENTA,1
"Hey, Best wishes",0
This is a safe comment number 97,0
This is a safe comment number 911,0
This is a safe comment number 835,0
This is a safe comment number 1315,0
Love wins!,0
Have a nice day ðŸ˜‚,0
This is a safe comment number 645,0
This is a safe comment number 1729,0
This is a toxic comment number 1870,1
This is a toxic comment number 1900,1
BOBO KA,1
This is a safe comment number 135,0
SWERTE MO,0
This is a toxic comment number 1720,1
You are amazing ðŸ˜Š,0
This is a toxic comment number 1224,1
This is a safe comment number 1117,0
This is a toxic comment number 552,1
This is a toxic comment number 510,1
This is a safe comment number 1413,0
PANALO KA,0
This is a toxic comment number 366,1
This is a toxic comment number 848,1
ulol,1
retard ðŸ˜¡,1
This is a toxic comment number 42,1
This is a toxic comment number 1762,1
swerte mo,0
This is a toxic comment number 738,1
mabuhay ka,0
This is a safe comment number 349,0
ingat ka palagi ðŸ˜‚,0
This is a toxic comment number 264,1
This is a toxic comment number 436,1
salot ka,1
PANGIT KA,1
This is a toxic comment number 1814,1
This is a safe comment number 143,0
This is a safe comment number 705,0
hudas,1
This is a safe comment number 1249,0
This is a toxic comment number 782,1
This is a safe comment number 1441,0
This is a toxic comment number 1020,1
This is a toxic comment number 898,1
gago ðŸ˜‚,1
This is a toxic comment number 456,1
This is a safe comment number 1651,0
This is a safe comment number 1169,0
This is a safe comment number 185,0
This is a safe comment number 763,0
This is a safe comment number 1791,0
BUTI PA IKAW,0
This is a toxic comment number 1296,1
This is a safe comment number 773,0
mabuhay ka,0
This is a toxic comment number 1122,1
leche ka,1
This is a toxic comment number 370,1
This is a safe comment number 1527,0
This is a safe comment number 1029,0
"Hey, bakla",1
freak,1
This is a toxic comment number 98,1
This is a safe comment number 737,0
This is a safe comment number 745,0
This is a toxic comment number 1874,1
sobrang bait mo,0
This is a toxic comment number 62,1
This is a toxic comment number 614,1
This is a safe comment number 125,0
This is a safe comment number 1619,0
This is a toxic comment number 644,1
This is a toxic comment number 86,1
This is a toxic comment number 1206,1
This is a safe comment number 833,0
This is a safe comment number 1377,0
This is a safe comment number 167,0
This is a toxic comment number 1276,1
This is a safe comment number 727,0
This is a toxic comment number 500,1
This is a toxic comment number 734,1
This is a safe comment number 1207,0
This is a safe comment number 21,0
Well done!!!,0
This is a toxic comment number 1462,1
This is a toxic comment number 252,1
This is a toxic comment number 1176,1
This is a toxic comment number 1092,1
This is a safe comment number 625,0
This is a safe comment number 581,0
This is a safe comment number 1107,0
This is a safe comment number 1005,0
Retard,1
This is a safe comment number 91,0
This is a toxic comment number 1704,1
This is a safe comment number 1297,0
This is a toxic comment number 1250,1
malakas ka!!!,0
idol kita,0
dumbass,1
This is a toxic comment number 1710,1
Great work ðŸ˜‚,0
This is a safe comment number 1977,0
This is a toxic comment number 468,1
This is a safe comment number 1849,0
This is a safe comment number 1341,0
This is a safe comment number 917,0
This is a safe comment number 377,0
This is a toxic comment number 1496,1
This is a toxic comment number 34,1
wala kang silbi,1
This is a toxic comment number 388,1
This is a toxic comment number 2,1
This is a safe comment number 1415,0
This is a safe comment number 1749,0
This is a toxic comment number 1392,1
This is a safe comment number 553,0
salamat po,0
This is a safe comment number 583,0
This is a safe comment number 1889,0
idol kita!,0
This is a toxic comment number 1244,1
This is a safe comment number 1137,0
This is a safe comment number 1433,0
This is a safe comment number 1833,0
This is a toxic comment number 1252,1
Worthless ðŸ˜‚,1
This is a toxic comment number 1974,1
This is a safe comment number 1539,0
This is a safe comment number 1941,0
This is a safe comment number 1805,0
This is a toxic comment number 672,1
This is a safe comment number 1173,0
INGAT KA PALAGI,0
sira ulo,1
This is a safe comment number 871,0
This is a toxic comment number 1860,1
This is a safe comment number 399,0
This is a toxic comment number 448,1
This is a safe comment number 1655,0
This is a safe comment number 1469,0
unggoy,1
This is a safe comment number 701,0
This is a toxic comment number 1116,1
This is a safe comment number 501,0
This is a safe comment number 447,0
KEEP IT UP,0
This is a toxic comment number 1996,1
This is a safe comment number 1395,0
This is a toxic comment number 802,1
This is a toxic comment number 188,1
This is a safe comment number 343,0
This is a safe comment number 1591,0
This is a safe comment number 1217,0
This is a safe comment number 1841,0
This is a toxic comment number 1598,1
This is a toxic comment number 742,1
This is a safe comment number 1497,0
This is a toxic comment number 948,1
This is a toxic comment number 1532,1
This is a toxic comment number 54,1
This is a toxic comment number 1738,1
This is a toxic comment number 840,1
This is a toxic comment number 1186,1
This is a toxic comment number 1030,1
This is a toxic comment number 96,1
This is a safe comment number 557,0
This is a toxic comment number 1148,1
This is a safe comment number 1219,0
I appreciate your effort,0
This is a toxic comment number 1146,1
This is a safe comment number 1319,0
This is a toxic comment number 404,1
This is a safe comment number 1179,0
This is a toxic comment number 104,1
sobrang bait mo ðŸ˜Š,0
"Hoy, wala kang silbi",1
This is a safe comment number 441,0
This is a toxic comment number 1004,1
This is a safe comment number 1277,0
This is a safe comment number 1205,0
tanga,1
This is a safe comment number 419,0
That was helpful ðŸ˜Š,0
This is a safe comment number 1755,0
This is a toxic comment number 1716,1
great work,0
ingat ka palagi!!!,0
This is a safe comment number 1827,0
This is a safe comment number 529,0
This is a safe comment number 1829,0
tarantado!!!,1
"Hoy, swerte mo",0
This is a toxic comment number 320,1
AYOS YAN,0
This is a safe comment number 387,0
This is a toxic comment number 1778,1
This is a toxic comment number 1920,1
This is a toxic comment number 1294,1
This is a toxic comment number 1066,1
"Hoy, leche ka",1
This is a toxic comment number 1374,1
ingat ka palagi ðŸ˜Š,0
kill yourself,1
This is a toxic comment number 332,1
This is a safe comment number 1515,0
This is a safe comment number 1167,0
This is a safe comment number 365,0
This is a safe comment number 89,0
This is a toxic comment number 1342,1
"Hey, Well done",0
panalo ka ðŸ˜Š,0
This is a safe comment number 309,0
This is a safe comment number 1165,0
This is a safe comment number 1451,0
This is a safe comment number 5,0
You suck ðŸ˜‚,1
This is a safe comment number 227,0
This is a safe comment number 549,0
This is a toxic comment number 1884,1
This is a safe comment number 509,0
This is a safe comment number 815,0
This is a safe comment number 813,0
This is a toxic comment number 122,1
This is a toxic comment number 1196,1
This is a toxic comment number 1212,1
Keep it up!,0
This is a safe comment number 1845,0
This is a safe comment number 1183,0
This is a toxic comment number 1164,1
This is a toxic comment number 1356,1
This is a toxic comment number 780,1
This is a safe comment number 1921,0
This is a safe comment number 1491,0
This is a toxic comment number 998,1
leche ka,1
This is a toxic comment number 1434,1
This is a safe comment number 1831,0
Lazy fool!,1
This is a safe comment number 579,0
tarantado ðŸ˜‚,1
This is a toxic comment number 446,1
panalo ka,0
This is a toxic comment number 1736,1
"Hey, freak",1
This is a safe comment number 967,0
ingat ka palagi,0
This is a safe comment number 1555,0
This is a safe comment number 1997,0
This is a toxic comment number 822,1
This is a toxic comment number 1426,1
This is a safe comment number 1333,0
Have a nice day!!!,0
This is a toxic comment number 116,1
This is a toxic comment number 610,1
This is a toxic comment number 874,1
This is a toxic comment number 656,1
This is a safe comment number 1225,0
"Keep going, youâ€™re doing well",0
This is a toxic comment number 290,1
salot ka,1
This is a toxic comment number 976,1
This is a safe comment number 657,0
This is a toxic comment number 664,1
This is a toxic comment number 640,1
This is a safe comment number 211,0
This is a toxic comment number 938,1
This is a toxic comment number 730,1
This is a safe comment number 739,0
This is a toxic comment number 1328,1
This is a toxic comment number 578,1
This is a toxic comment number 1438,1
You suck ðŸ˜¡,1
This is a safe comment number 63,0
This is a toxic comment number 942,1
This is a toxic comment number 1152,1
This is a safe comment number 1251,0
This is a toxic comment number 124,1
bakla,1
This is a safe comment number 1009,0
"Hoy, walang kwenta",1
This is a safe comment number 1007,0
This is a toxic comment number 914,1
This is a toxic comment number 1954,1
This is a safe comment number 251,0
This is a safe comment number 805,0
This is a toxic comment number 1088,1
This is a safe comment number 283,0
This is a toxic comment number 1238,1
This is a safe comment number 903,0
This is a toxic comment number 1576,1
This is a toxic comment number 1834,1
Worthless!!!,1
This is a toxic comment number 1540,1
pagpalain ka!,0
This is a toxic comment number 68,1
This is a safe comment number 1013,0
Go die!,1
have a nice day,0
This is a toxic comment number 1642,1
This is a toxic comment number 192,1
This is a safe comment number 1673,0
This is a toxic comment number 1690,1
This is a toxic comment number 872,1
This is a toxic comment number 1522,1
This is a toxic comment number 422,1
This is a toxic comment number 1542,1
This is a safe comment number 1579,0
"Hey, Ugly pig",1
This is a toxic comment number 636,1
buti pa ikaw ðŸ˜Š,0
putangina mo ðŸ˜¡,1
This is a toxic comment number 988,1
This is a toxic comment number 1442,1
Have a nice day!,0
This is a toxic comment number 288,1
This is a safe comment number 1199,0
This is a safe comment number 405,0
This is a safe comment number 287,0
This is a toxic comment number 1700,1
pangit ka,1
This is a safe comment number 1609,0
mahal kita ðŸ˜‚,0
This is a toxic comment number 1770,1
This is a safe comment number 41,0
"Hoy, pangit ka",1
This is a safe comment number 1835,0
This is a safe comment number 545,0
This is a toxic comment number 482,1
This is a safe comment number 1707,0
astig ka pre,0
putangina mo!!!,1
"Hoy, panalo ka",0
This is a safe comment number 1351,0
This is a safe comment number 481,0
bobo ka,1
love wins,0
This is a safe comment number 25,0
This is a safe comment number 571,0
"Hoy, idol kita",0
This is a safe comment number 1247,0
that was helpful,0
This is a safe comment number 1343,0
This is a toxic comment number 268,1
This is a toxic comment number 1852,1
This is a safe comment number 145,0
This is a toxic comment number 502,1
This is a safe comment number 1989,0
pagpalain ka ðŸ˜‚,0
This is a safe comment number 1901,0
This is a safe comment number 1519,0
This is a safe comment number 1369,0
This is a toxic comment number 1844,1
ugok,1
This is a toxic comment number 202,1
This is a toxic comment number 8,1
This is a toxic comment number 1108,1
This is a safe comment number 941,0
This is a safe comment number 113,0
This is a safe comment number 503,0
This is a toxic comment number 184,1
This is a toxic comment number 866,1
This is a safe comment number 1773,0
This is a toxic comment number 402,1
This is a toxic comment number 182,1
This is a toxic comment number 1424,1
This is a safe comment number 1639,0
This is a safe comment number 129,0
This is a toxic comment number 1150,1
This is a safe comment number 1885,0
This is a toxic comment number 1784,1
This is a toxic comment number 102,1
This is a toxic comment number 1188,1
idol kita ðŸ˜Š,0
This is a toxic comment number 686,1
Dumb idiot!,1
retard,1
This is a toxic comment number 1524,1
retard,1
This is a toxic comment number 616,1
This is a safe comment number 1583,0
This is a safe comment number 1785,0
dumbass,1
This is a safe comment number 1949,0
This is a toxic comment number 1076,1
This is a toxic comment number 632,1
This is a safe comment number 1063,0
This is a safe comment number 1697,0
You are kind ðŸ˜Š,0
This is a safe comment number 1575,0
"Hey, Moron",1
This is a safe comment number 1201,0
This is a safe comment number 857,0
This is a safe comment number 359,0
unggoy!,1
This is a safe comment number 1147,0
This is a toxic comment number 1724,1
This is a toxic comment number 1022,1
This is a safe comment number 1511,0
best wishes,0
This is a safe comment number 1459,0
This is a safe comment number 1893,0
This is a safe comment number 883,0
"Hoy, bwisit ka",1
This is a safe comment number 1127,0
This is a safe comment number 183,0
This is a toxic comment number 1592,1
gago!!!,1
This is a safe comment number 933,0
This is a safe comment number 599,0
This is a toxic comment number 144,1
malakas ka!,0
This is a safe comment number 1485,0
This is a safe comment number 1151,0
This is a toxic comment number 32,1
This is a toxic comment number 1854,1
This is a toxic comment number 1820,1
This is a toxic comment number 1616,1
This is a toxic comment number 1786,1
"Hey, I hate you",1
This is a toxic comment number 906,1
This is a safe comment number 1209,0
This is a safe comment number 1565,0
This is a safe comment number 863,0
This is a toxic comment number 296,1
This is a safe comment number 123,0
This is a toxic comment number 862,1
This is a safe comment number 395,0
This is a toxic comment number 1502,1
This is a safe comment number 181,0
Shut up loser!!!,1
This is a toxic comment number 1112,1
Well done,0
This is a toxic comment number 1346,1
This is a toxic comment number 774,1
This is a safe comment number 1493,0
This is a safe comment number 83,0
This is a safe comment number 1677,0
ugok,1
This is a safe comment number 551,0
This is a toxic comment number 834,1
This is a safe comment number 191,0
This is a toxic comment number 876,1
This is a safe comment number 423,0
This is a safe comment number 1455,0
This is a safe comment number 1421,0
This is a toxic comment number 334,1
This is a toxic comment number 1106,1
This is a safe comment number 1783,0
This is a safe comment number 1541,0
This is a safe comment number 1577,0
This is a toxic comment number 1194,1
This is a safe comment number 1705,0
"Hey, Retard",1
This is a toxic comment number 1008,1
This is a toxic comment number 1534,1
This is a toxic comment number 292,1
This is a safe comment number 1123,0
This is a toxic comment number 752,1
Nobody likes you ðŸ˜¡,1
This is a safe comment number 1305,0
unggoy ðŸ˜‚,1
This is a safe comment number 621,0
This is a safe comment number 1947,0
This is a safe comment number 1399,0
This is a toxic comment number 740,1
ayos yan ðŸ˜‚,0
This is a toxic comment number 1866,1
This is a safe comment number 393,0
HUDAS,1
This is a toxic comment number 1038,1
This is a safe comment number 1139,0
This is a toxic comment number 1204,1
This is a safe comment number 1357,0
This is a safe comment number 1149,0
This is a safe comment number 269,0
This is a toxic comment number 986,1
ampalaya!,1
You're trash,1
This is a safe comment number 633,0
This is a safe comment number 797,0
"Hoy, maraming salamat",0
buti pa ikaw,0
This is a toxic comment number 1992,1
This is a toxic comment number 844,1
This is a toxic comment number 128,1
This is a toxic comment number 930,1
This is a toxic comment number 1350,1
This is a safe comment number 1313,0
This is a toxic comment number 654,1
This is a toxic comment number 1270,1
This is a safe comment number 243,0
pagpalain ka,0
This is a toxic comment number 118,1
"Hoy, bobo ka",1
This is a safe comment number 101,0
Retard ðŸ˜¡,1
This is a toxic comment number 724,1
This is a safe comment number 261,0
ampalaya ðŸ˜‚,1
This is a toxic comment number 1530,1
swerte mo,0
ang galing mo,0
This is a safe comment number 1501,0
This is a toxic comment number 160,1
This is a toxic comment number 1618,1
This is a toxic comment number 316,1
pangit ka,1
This is a safe comment number 823,0
This is a toxic comment number 1842,1
This is a toxic comment number 1706,1
This is a toxic comment number 1034,1
This is a toxic comment number 1064,1
This is a toxic comment number 1474,1
This is a safe comment number 1463,0
This is a safe comment number 95,0
"Hoy, mabuhay ka",0
This is a safe comment number 1537,0
This is a safe comment number 1601,0
This is a safe comment number 867,0
This is a safe comment number 1703,0
This is a safe comment number 1043,0
This is a safe comment number 703,0
This is a toxic comment number 1666,1
wala kang silbi ðŸ˜‚,1
This is a toxic comment number 274,1
leche ka!!!,1
This is a toxic comment number 670,1
This is a safe comment number 713,0
This is a toxic comment number 1048,1
ang galing mo,0
This is a safe comment number 1019,0
tarantado ðŸ˜¡,1
This is a toxic comment number 1302,1
This is a safe comment number 1345,0
This is a safe comment number 353,0
This is a toxic comment number 1942,1
This is a safe comment number 1353,0
This is a safe comment number 1257,0
This is a safe comment number 1237,0
This is a toxic comment number 926,1
This is a toxic comment number 312,1
This is a toxic comment number 1548,1
Best wishes!!!,0
This is a safe comment number 1363,0
This is a toxic comment number 1752,1
This is a toxic comment number 1596,1
"Hey, Disgusting animal",1
This is a safe comment number 825,0
tarantado!,1
This is a toxic comment number 1228,1
This is a toxic comment number 1352,1
This is a toxic comment number 336,1
This is a safe comment number 65,0
This is a toxic comment number 260,1
This is a toxic comment number 1120,1
This is a safe comment number 849,0
This is a toxic comment number 1580,1
lazy fool,1
This is a toxic comment number 1660,1
This is a safe comment number 859,0
This is a toxic comment number 1242,1
"Hoy, putangina mo",1
This is a toxic comment number 1904,1
This is a safe comment number 1189,0
This is a toxic comment number 246,1
This is a toxic comment number 1652,1
This is a safe comment number 363,0
This is a safe comment number 285,0
This is a toxic comment number 1178,1
"Hoy, sobrang bait mo",0
salot ka ðŸ˜‚,1
buti pa ikaw!,0
This is a safe comment number 413,0
This is a safe comment number 1863,0
This is a toxic comment number 272,1
This is a toxic comment number 228,1
Congrats on your success,0
I hate you,1
wala kang silbi,1
This is a toxic comment number 832,1
This is a toxic comment number 322,1
ingat ka palagi!,0
This is a toxic comment number 384,1
This is a toxic comment number 1550,1
This is a safe comment number 275,0
This is a toxic comment number 112,1
This is a safe comment number 1269,0
"Hey, Good job",0
maraming salamat,0
This is a toxic comment number 1266,1
This is a toxic comment number 1130,1
This is a toxic comment number 764,1
This is a toxic comment number 890,1
This is a toxic comment number 1478,1
This is a safe comment number 1047,0
This is a toxic comment number 1574,1
This is a toxic comment number 808,1
This is a safe comment number 1437,0
This is a toxic comment number 718,1
This is a toxic comment number 486,1
This is a safe comment number 253,0
This is a safe comment number 921,0
This is a toxic comment number 1708,1
This is a safe comment number 239,0
This is a toxic comment number 1436,1
salot ka!!!,1
This is a toxic comment number 132,1
This is a toxic comment number 176,1
This is a toxic comment number 1062,1
This is a safe comment number 1291,0
This is a safe comment number 433,0
bakla!!!,1
This is a safe comment number 99,0
That was helpful,0
This is a toxic comment number 1578,1
This is a safe comment number 1793,0
This is a toxic comment number 772,1
This is a safe comment number 465,0
This is a safe comment number 1349,0
This is a toxic comment number 150,1
This is a toxic comment number 1902,1
This is a toxic comment number 916,1
This is a safe comment number 303,0
This is a toxic comment number 606,1
This is a toxic comment number 168,1
Good job!!!,0
This is a safe comment number 1375,0
This is a toxic comment number 620,1
This is a safe comment number 1197,0
Dumb idiot!!!,1
This is a safe comment number 1229,0
go die,1
This is a toxic comment number 1472,1
This is a toxic comment number 232,1
This is a toxic comment number 708,1
This is a safe comment number 1095,0
This is a toxic comment number 838,1
This is a toxic comment number 800,1
This is a safe comment number 1507,0
Love wins ðŸ˜‚,0
hudas!,1
This is a toxic comment number 258,1
Kill yourself,1
This is a toxic comment number 1490,1
WALA KANG SILBI,1
This is a toxic comment number 820,1
This is a safe comment number 635,0
This is a safe comment number 449,0
This is a safe comment number 1133,0
pangit ka ðŸ˜¡,1
This is a safe comment number 985,0
This is a safe comment number 77,0
bakla!,1
This is a toxic comment number 824,1
This is a safe comment number 1339,0
This is a safe comment number 927,0
This is a safe comment number 573,0
This is a toxic comment number 812,1
This is a toxic comment number 1956,1
This is a toxic comment number 688,1
This is a safe comment number 67,0
This is a toxic comment number 1422,1
walang kwenta!,1
This is a toxic comment number 308,1
This is a safe comment number 199,0
This is a safe comment number 1457,0
This is a toxic comment number 1936,1
This is a safe comment number 1115,0
This is a safe comment number 563,0
This is a safe comment number 1725,0
buti pa ikaw,0
This is a toxic comment number 712,1
This is a safe comment number 591,0
This is a toxic comment number 1002,1
This is a toxic comment number 1042,1
This is a safe comment number 1109,0
salamat po!,0
walang kwenta,1
moron,1
swerte mo ðŸ˜Š,0
This is a safe comment number 339,0
This is a safe comment number 1057,0
Kill yourself!,1
This is a toxic comment number 326,1
This is a toxic comment number 368,1
This is a safe comment number 171,0
This is a toxic comment number 978,1
This is a toxic comment number 1646,1
This is a safe comment number 1965,0
This is a safe comment number 1533,0
This is a toxic comment number 200,1
Stay positive ðŸ˜Š,0
This is a toxic comment number 360,1
This is a safe comment number 1513,0
This is a safe comment number 317,0
This is a toxic comment number 1006,1
This is a toxic comment number 1488,1
This is a toxic comment number 566,1
This is a toxic comment number 386,1
This is a toxic comment number 380,1
This is a toxic comment number 212,1
I appreciate your effort ðŸ˜Š,0
You are stupid!,1
This is a toxic comment number 680,1
astig ka pre!,0
This is a toxic comment number 1682,1
ayos yan!!!,0
This is a safe comment number 757,0
This is a toxic comment number 900,1
This is a safe comment number 1925,0
This is a toxic comment number 1740,1
This is a safe comment number 193,0
This is a toxic comment number 784,1
This is a safe comment number 19,0
This is a toxic comment number 476,1
sira ulo ðŸ˜‚,1
This is a safe comment number 827,0
This is a toxic comment number 84,1
"Hey, Keep it up",0
Best wishes ðŸ˜Š,0
"Keep going, youâ€™re doing well ðŸ˜‚",0
This is a toxic comment number 682,1
This is a safe comment number 1239,0
This is a safe comment number 1571,0
This is a safe comment number 1821,0
ULOL,1
This is a safe comment number 1393,0
This is a toxic comment number 1970,1
malakas ka ðŸ˜‚,0
This is a toxic comment number 548,1
This is a toxic comment number 1594,1
This is a toxic comment number 1430,1
This is a safe comment number 1699,0
This is a toxic comment number 262,1
This is a safe comment number 673,0
THANK YOU VERY MUCH,0
This is a safe comment number 587,0
This is a safe comment number 299,0
That was helpful!,0
This is a toxic comment number 1688,1
This is a toxic comment number 628,1
This is a toxic comment number 1310,1
This is a toxic comment number 560,1
This is a toxic comment number 678,1
This is a toxic comment number 792,1
"Hoy, salamat po",0
This is a safe comment number 505,0
This is a toxic comment number 540,1
This is a safe comment number 141,0
This is a safe comment number 1581,0
Great work ðŸ˜Š,0
This is a safe comment number 1113,0
This is a safe comment number 369,0
This is a safe comment number 15,0
This is a safe comment number 1987,0
salamat po!!!,0
This is a toxic comment number 868,1
This is a safe comment number 1667,0
This is a safe comment number 1627,0
This is a toxic comment number 918,1
This is a safe comment number 1447,0
You suck!!!,1
This is a toxic comment number 166,1
ulol,1
This is a safe comment number 603,0
This is a safe comment number 325,0
This is a toxic comment number 962,1
Disgusting animal,1
This is a safe comment number 195,0
This is a toxic comment number 1564,1
This is a safe comment number 1017,0
This is a safe comment number 919,0
This is a safe comment number 329,0
This is a toxic comment number 1226,1
This is a safe comment number 1945,0
This is a toxic comment number 1772,1
You're trash ðŸ˜¡,1
This is a toxic comment number 960,1
This is a safe comment number 1985,0
This is a toxic comment number 78,1
This is a safe comment number 751,0
This is a safe comment number 971,0
This is a safe comment number 1935,0
This is a safe comment number 555,0
This is a toxic comment number 1306,1
This is a safe comment number 47,0
This is a toxic comment number 14,1
This is a toxic comment number 1962,1
This is a toxic comment number 1628,1
This is a safe comment number 497,0
"KEEP GOING, YOUâ€™RE DOING WELL",0
This is a toxic comment number 1096,1
Go die,1
This is a safe comment number 1775,0
This is a toxic comment number 1742,1
This is a safe comment number 759,0
Go die ðŸ˜‚,1
DISGUSTING ANIMAL,1
putangina mo,1
This is a toxic comment number 1132,1
This is a toxic comment number 532,1
This is a safe comment number 1335,0
This is a safe comment number 1903,0
This is a safe comment number 73,0
This is a toxic comment number 538,1
This is a toxic comment number 1590,1
This is a safe comment number 1079,0
This is a toxic comment number 1928,1
This is a toxic comment number 1190,1
Congrats on your success ðŸ˜‚,0
This is a safe comment number 1039,0
This is a safe comment number 297,0
This is a toxic comment number 880,1
This is a toxic comment number 266,1
This is a toxic comment number 1398,1
This is a safe comment number 1847,0
This is a toxic comment number 1060,1
This is a toxic comment number 1262,1
This is a safe comment number 367,0
This is a toxic comment number 690,1
This is a safe comment number 1061,0
This is a safe comment number 159,0
This is a toxic comment number 80,1
This is a toxic comment number 318,1
This is a safe comment number 9,0
This is a safe comment number 947,0
This is a toxic comment number 1428,1
This is a safe comment number 1727,0
This is a safe comment number 647,0
MALAKAS KA,0
This is a safe comment number 755,0
This is a safe comment number 1045,0
This is a toxic comment number 1824,1
This is a toxic comment number 1624,1
This is a toxic comment number 684,1
This is a toxic comment number 828,1
This is a toxic comment number 694,1
You're trash!,1
This is a safe comment number 1931,0
This is a safe comment number 1779,0
hudas ðŸ˜¡,1
"Keep going, youâ€™re doing well!!!",0
This is a toxic comment number 1662,1
This is a toxic comment number 1390,1
sobrang bait mo ðŸ˜‚,0
This is a toxic comment number 1104,1
This is a toxic comment number 1722,1
This is a safe comment number 795,0
This is a toxic comment number 1050,1
"Hey, retard",1
This is a safe comment number 1265,0
This is a toxic comment number 1680,1
This is a toxic comment number 1168,1
This is a safe comment number 619,0
This is a safe comment number 1023,0
This is a safe comment number 1187,0
This is a safe comment number 1403,0
You are kind!,0
This is a safe comment number 1141,0
This is a toxic comment number 1506,1
"Hoy, ulol",1
This is a safe comment number 1221,0
This is a toxic comment number 214,1
This is a safe comment number 699,0
This is a toxic comment number 138,1
This is a safe comment number 391,0
This is a toxic comment number 836,1
"Hey, Congrats on your success",0
This is a safe comment number 1323,0
This is a toxic comment number 1604,1
Great work!!!,0
This is a toxic comment number 234,1
retard!!!,1
This is a toxic comment number 30,1
This is a toxic comment number 956,1
This is a toxic comment number 1892,1
This is a safe comment number 1389,0
This is a safe comment number 57,0
This is a safe comment number 1035,0
This is a toxic comment number 1420,1
This is a safe comment number 1561,0
This is a toxic comment number 394,1
This is a toxic comment number 224,1
This is a toxic comment number 1952,1
This is a toxic comment number 892,1
This is a toxic comment number 1256,1
This is a toxic comment number 1976,1
This is a toxic comment number 912,1
Thank you very much,0
retard!,1
This is a safe comment number 1157,0
This is a toxic comment number 1388,1
gago,1
Moron,1
This is a safe comment number 59,0
This is a safe comment number 431,0
"Hoy, tanga",1
This is a toxic comment number 1400,1
sira ulo!!!,1
you are kind,0
This is a safe comment number 69,0
This is a safe comment number 477,0
This is a toxic comment number 1794,1
SHUT UP LOSER,1
This is a safe comment number 149,0
This is a toxic comment number 1378,1
This is a safe comment number 1015,0
This is a safe comment number 499,0
This is a safe comment number 1803,0
ampalaya!!!,1
This is a toxic comment number 1668,1
This is a toxic comment number 994,1
This is a safe comment number 1429,0
This is a toxic comment number 776,1
This is a toxic comment number 342,1
This is a safe comment number 301,0
This is a toxic comment number 1380,1
Best wishes ðŸ˜‚,0
This is a safe comment number 1739,0
"Hey, Worthless",1
This is a toxic comment number 280,1
This is a toxic comment number 164,1
This is a toxic comment number 498,1
This is a safe comment number 85,0
This is a toxic comment number 460,1
This is a toxic comment number 816,1
This is a toxic comment number 1192,1
This is a toxic comment number 484,1
This is a safe comment number 1083,0
This is a toxic comment number 1454,1
This is a toxic comment number 196,1
This is a safe comment number 559,0
This is a toxic comment number 1950,1
This is a toxic comment number 1494,1
This is a safe comment number 593,0
Thank you very much!!!,0
This is a safe comment number 1073,0
This is a safe comment number 335,0
This is a toxic comment number 1932,1
This is a toxic comment number 1330,1
YOU ARE STUPID,1
This is a toxic comment number 1514,1
This is a toxic comment number 1990,1
This is a toxic comment number 1898,1
abnormal ðŸ˜¡,1
"Hoy, hudas",1
This is a toxic comment number 1118,1
This is a toxic comment number 1406,1
This is a safe comment number 1653,0
This is a toxic comment number 1810,1
This is a safe comment number 935,0
This is a safe comment number 455,0
This is a safe comment number 403,0
This is a safe comment number 1851,0
This is a toxic comment number 1518,1
This is a safe comment number 221,0
This is a toxic comment number 1158,1
This is a safe comment number 347,0
Go die ðŸ˜¡,1
This is a safe comment number 1373,0
This is a safe comment number 247,0
This is a safe comment number 869,0
This is a toxic comment number 700,1
unggoy,1
This is a toxic comment number 314,1
This is a toxic comment number 1500,1
This is a safe comment number 459,0
This is a safe comment number 1823,0
You are amazing!!!,0
This is a safe comment number 1181,0
This is a toxic comment number 28,1
YOU'RE TRASH,1
This is a toxic comment number 1922,1
This is a safe comment number 889,0
This is a safe comment number 1417,0
This is a toxic comment number 1796,1
This is a safe comment number 677,0
This is a toxic comment number 48,1
This is a safe comment number 1745,0
This is a safe comment number 1379,0
This is a safe comment number 909,0
bobo ka!!!,1
This is a toxic comment number 1556,1
UGLY PIG,1
This is a safe comment number 535,0
This is a toxic comment number 254,1
This is a toxic comment number 1202,1
This is a toxic comment number 1760,1
"Hey, Keep going, youâ€™re doing well",0
This is a toxic comment number 1036,1
This is a safe comment number 1241,0
Disgusting animal ðŸ˜¡,1
This is a toxic comment number 140,1
This is a toxic comment number 1712,1
bwisit ka ðŸ˜¡,1
This is a safe comment number 3,0
This is a safe comment number 1191,0
This is a safe comment number 769,0
This is a toxic comment number 1986,1
This is a toxic comment number 1312,1
This is a safe comment number 1871,0
This is a safe comment number 157,0
This is a toxic comment number 1664,1
This is a safe comment number 753,0
Go die!!!,1
This is a toxic comment number 1470,1
This is a safe comment number 1877,0
This is a safe comment number 1613,0
This is a safe comment number 881,0
This is a safe comment number 1233,0
This is a safe comment number 707,0
This is a safe comment number 519,0
Well done ðŸ˜Š,0
This is a toxic comment number 1998,1
This is a toxic comment number 886,1
This is a toxic comment number 762,1
This is a toxic comment number 944,1
This is a safe comment number 1329,0
This is a toxic comment number 1274,1
This is a safe comment number 1103,0
This is a safe comment number 1559,0
This is a toxic comment number 596,1
"Hey, Love wins",0
This is a toxic comment number 1672,1
This is a safe comment number 489,0
This is a safe comment number 1509,0
freak ðŸ˜¡,1
This is a safe comment number 461,0
This is a toxic comment number 1278,1
This is a toxic comment number 1040,1
This is a toxic comment number 1966,1
This is a toxic comment number 1456,1
mahal kita,0
This is a safe comment number 1055,0
This is a toxic comment number 1160,1
This is a safe comment number 1523,0
This is a safe comment number 495,0
This is a safe comment number 1669,0
This is a toxic comment number 1930,1
This is a safe comment number 1409,0
"Keep going, youâ€™re doing well ðŸ˜Š",0
This is a toxic comment number 248,1
This is a toxic comment number 950,1
This is a toxic comment number 1300,1
This is a safe comment number 1915,0
This is a toxic comment number 652,1
"Hoy, ang galing mo",0
This is a toxic comment number 426,1
This is a toxic comment number 920,1
This is a toxic comment number 1344,1
ulol!!!,1
putangina mo ðŸ˜‚,1
This is a toxic comment number 966,1
This is a toxic comment number 1280,1
Retard!,1
This is a toxic comment number 1826,1
This is a toxic comment number 1872,1
This is a safe comment number 483,0
This is a safe comment number 453,0
This is a toxic comment number 778,1
This is a toxic comment number 1984,1
This is a toxic comment number 440,1
"Hey, You are amazing",0
Dumb idiot,1
This is a toxic comment number 256,1
This is a safe comment number 1753,0
This is a safe comment number 783,0
This is a toxic comment number 766,1
This is a safe comment number 61,0
pangit ka!!!,1
This is a toxic comment number 1748,1
This is a toxic comment number 646,1
This is a safe comment number 1033,0
This is a safe comment number 1869,0
This is a toxic comment number 1460,1
YOU SUCK,1
This is a safe comment number 1887,0
This is a safe comment number 561,0
This is a safe comment number 267,0
nobody likes you,1
This is a toxic comment number 570,1
This is a safe comment number 1427,0
This is a safe comment number 957,0
This is a safe comment number 1119,0
This is a toxic comment number 1084,1
This is a safe comment number 259,0
This is a toxic comment number 1644,1
This is a toxic comment number 1072,1
"Hoy, mahal kita",0
This is a safe comment number 189,0
This is a toxic comment number 996,1
This is a safe comment number 1431,0
This is a toxic comment number 1788,1
This is a toxic comment number 1366,1
This is a safe comment number 697,0
This is a safe comment number 993,0
Nobody likes you,1
This is a toxic comment number 1568,1
This is a safe comment number 733,0
This is a safe comment number 1717,0
This is a toxic comment number 786,1
AMPALAYA,1
This is a safe comment number 891,0
freak,1
"Hey, Stay positive",0
This is a toxic comment number 378,1
This is a toxic comment number 1094,1
This is a safe comment number 821,0
GOOD JOB,0
This is a safe comment number 831,0
This is a safe comment number 1275,0
This is a toxic comment number 186,1
This is a safe comment number 1943,0
This is a toxic comment number 1216,1
This is a safe comment number 1723,0
Nobody likes you!,1
This is a toxic comment number 372,1
This is a safe comment number 1621,0
This is a toxic comment number 1086,1
This is a safe comment number 613,0
This is a safe comment number 1721,0
This is a toxic comment number 26,1
This is a safe comment number 217,0
This is a safe comment number 357,0
This is a safe comment number 671,0
This is a safe comment number 1999,0
This is a safe comment number 1549,0
This is a safe comment number 1535,0
This is a toxic comment number 580,1
This is a safe comment number 1751,0
TARANTADO,1
This is a safe comment number 513,0
This is a toxic comment number 508,1
This is a safe comment number 1757,0
This is a toxic comment number 1440,1
mabuhay ka ðŸ˜‚,0
This is a toxic comment number 1768,1
This is a safe comment number 931,0
This is a safe comment number 1891,0
ampalaya ðŸ˜¡,1
PAGPALAIN KA,0
MAHAL KITA,0
This is a toxic comment number 36,1
This is a safe comment number 1089,0
This is a toxic comment number 584,1
This is a safe comment number 1243,0
This is a safe comment number 1807,0
This is a toxic comment number 154,1
This is a safe comment number 1097,0
This is a safe comment number 1683,0
This is a toxic comment number 524,1
This is a safe comment number 543,0
This is a safe comment number 1813,0
This is a safe comment number 1255,0
This is a safe comment number 1661,0
maraming salamat!!!,0
This is a toxic comment number 572,1
This is a safe comment number 1227,0
This is a toxic comment number 1056,1
This is a safe comment number 1385,0
This is a toxic comment number 1360,1
This is a safe comment number 341,0
Good job,0
This is a safe comment number 327,0
This is a safe comment number 1733,0
This is a safe comment number 615,0
This is a toxic comment number 1940,1
This is a toxic comment number 1458,1
This is a toxic comment number 1476,1
good job,0
This is a safe comment number 1483,0
This is a toxic comment number 1636,1
This is a safe comment number 641,0
This is a safe comment number 1735,0
This is a safe comment number 179,0
"Hey, Have a nice day",0
You are kind ðŸ˜‚,0
bwisit ka ðŸ˜‚,1
This is a toxic comment number 520,1
You are stupid ðŸ˜¡,1
This is a safe comment number 265,0
Moron!,1
This is a safe comment number 977,0
This is a toxic comment number 1080,1
This is a safe comment number 517,0
This is a toxic comment number 1614,1
This is a toxic comment number 1638,1
This is a toxic comment number 964,1
DUMBASS,1
"Hoy, sira ulo",1
This is a toxic comment number 1282,1
This is a toxic comment number 298,1
worthless,1
This is a safe comment number 1111,0
This is a safe comment number 1279,0
This is a toxic comment number 758,1
This is a toxic comment number 20,1
This is a toxic comment number 1222,1
dumb idiot,1
This is a safe comment number 1331,0
This is a safe comment number 1861,0
Worthless ðŸ˜¡,1
ang galing mo ðŸ˜‚,0
This is a toxic comment number 428,1
This is a toxic comment number 1452,1
This is a safe comment number 1553,0
This is a toxic comment number 1508,1
This is a toxic comment number 716,1
This is a safe comment number 1975,0
This is a safe comment number 987,0
This is a safe comment number 945,0
Lazy fool,1
retard ðŸ˜‚,1
This is a toxic comment number 1602,1
This is a safe comment number 1285,0
This is a toxic comment number 1054,1
This is a safe comment number 1787,0
This is a toxic comment number 1696,1
This is a toxic comment number 748,1
This is a safe comment number 1767,0
This is a safe comment number 949,0
This is a safe comment number 1615,0
This is a safe comment number 749,0
This is a safe comment number 1499,0
This is a safe comment number 1453,0
"Hoy, gago",1
This is a safe comment number 1163,0
This is a toxic comment number 852,1
This is a safe comment number 793,0
This is a toxic comment number 1260,1
ugly pig,1
This is a toxic comment number 1560,1
abnormal!,1
This is a safe comment number 293,0
This is a safe comment number 1597,0
This is a toxic comment number 1082,1
This is a safe comment number 1647,0
malakas ka ðŸ˜Š,0
This is a toxic comment number 352,1
This is a safe comment number 885,0
This is a safe comment number 1709,0
This is a safe comment number 1741,0
This is a safe comment number 1933,0
This is a toxic comment number 1234,1
This is a safe comment number 1131,0
This is a toxic comment number 1362,1
This is a safe comment number 1021,0
This is a toxic comment number 1758,1
This is a safe comment number 681,0
This is a toxic comment number 156,1
Kill yourself ðŸ˜¡,1
This is a toxic comment number 1744,1
This is a safe comment number 1383,0
This is a toxic comment number 618,1
This is a toxic comment number 1516,1
This is a toxic comment number 1766,1
This is a toxic comment number 130,1
freak!,1
This is a toxic comment number 940,1
This is a safe comment number 79,0
This is a safe comment number 723,0
This is a toxic comment number 1416,1
This is a toxic comment number 1938,1
This is a safe comment number 1701,0
This is a toxic comment number 492,1
sira ulo ðŸ˜¡,1
This is a toxic comment number 222,1
This is a toxic comment number 1528,1
This is a safe comment number 1691,0
This is a safe comment number 1759,0
This is a safe comment number 1737,0
This is a safe comment number 1857,0
This is a safe comment number 721,0
This is a toxic comment number 1376,1
This is a toxic comment number 432,1
This is a safe comment number 665,0
buti pa ikaw!!!,0
This is a toxic comment number 1320,1
mahal kita ðŸ˜Š,0
ingat ka palagi,0
This is a safe comment number 1135,0
This is a toxic comment number 1798,1
This is a toxic comment number 568,1
This is a toxic comment number 88,1
This is a toxic comment number 696,1
This is a safe comment number 1049,0
This is a toxic comment number 1780,1
This is a toxic comment number 728,1
This is a toxic comment number 1384,1
This is a toxic comment number 806,1
This is a safe comment number 531,0
This is a toxic comment number 1308,1
This is a toxic comment number 458,1
This is a safe comment number 127,0
This is a toxic comment number 1166,1
ASTIG KA PRE,0
This is a toxic comment number 1876,1
bakla,1
This is a toxic comment number 1246,1
Moron ðŸ˜‚,1
This is a safe comment number 469,0
This is a toxic comment number 1136,1
"keep going, youâ€™re doing well",0
Great work,0
"Hoy, astig ka pre",0
This is a safe comment number 693,0
This is a toxic comment number 72,1
This is a safe comment number 409,0
This is a safe comment number 1503,0
This is a safe comment number 877,0
This is a toxic comment number 1694,1
This is a safe comment number 1003,0
This is a toxic comment number 1982,1
This is a toxic comment number 1808,1
This is a toxic comment number 1674,1
I hate you ðŸ˜‚,1
UGOK,1
This is a toxic comment number 106,1
This is a toxic comment number 1538,1
This is a toxic comment number 1464,1
This is a safe comment number 1771,0
sobrang bait mo!!!,0
This is a toxic comment number 732,1
This is a safe comment number 747,0
This is a safe comment number 837,0
This is a safe comment number 887,0
This is a safe comment number 1763,0
abnormal!!!,1
This is a toxic comment number 1140,1
This is a toxic comment number 1408,1
This is a safe comment number 1937,0
This is a toxic comment number 638,1
This is a toxic comment number 340,1
This is a toxic comment number 736,1
This is a safe comment number 819,0
This is a safe comment number 81,0
This is a toxic comment number 1880,1
ugok ðŸ˜¡,1
This is a toxic comment number 24,1
This is a toxic comment number 490,1
"Hey, You suck",1
Lazy fool ðŸ˜¡,1
This is a toxic comment number 354,1
This is a safe comment number 631,0
This is a safe comment number 75,0
This is a toxic comment number 470,1
This is a safe comment number 801,0
MORON,1
This is a toxic comment number 896,1
This is a toxic comment number 1114,1
This is a toxic comment number 506,1
This is a toxic comment number 1916,1
LAZY FOOL,1
This is a toxic comment number 114,1
This is a safe comment number 29,0
You are stupid ðŸ˜‚,1
This is a safe comment number 173,0
This is a safe comment number 655,0
This is a safe comment number 1087,0
This is a toxic comment number 602,1
This is a safe comment number 907,0
This is a toxic comment number 398,1
This is a toxic comment number 1382,1
This is a safe comment number 1525,0
This is a safe comment number 1895,0
This is a toxic comment number 1812,1
This is a safe comment number 955,0
This is a toxic comment number 1482,1
STAY POSITIVE,0
mahal kita!!!,0
i appreciate your effort,0
tanga!!!,1
This is a toxic comment number 878,1
This is a toxic comment number 100,1
This is a toxic comment number 1208,1
This is a safe comment number 1983,0
swerte mo!!!,0
YOU ARE AMAZING,0
This is a toxic comment number 208,1
retard,1
This is a safe comment number 1397,0
This is a toxic comment number 990,1
This is a safe comment number 1355,0
This is a toxic comment number 1566,1
This is a toxic comment number 1792,1
This is a toxic comment number 1032,1
This is a safe comment number 807,0
This is a toxic comment number 1016,1
This is a toxic comment number 674,1
You are kind,0
This is a toxic comment number 1486,1
This is a toxic comment number 64,1
This is a toxic comment number 528,1
This is a toxic comment number 344,1
This is a toxic comment number 810,1
This is a toxic comment number 1848,1
This is a safe comment number 1261,0
Congrats on your success ðŸ˜Š,0
tanga ðŸ˜¡,1
This is a toxic comment number 1862,1
This is a toxic comment number 396,1
This is a safe comment number 1489,0
MABUHAY KA,0
This is a toxic comment number 1886,1
This is a safe comment number 375,0
This is a safe comment number 203,0
This is a safe comment number 785,0
This is a safe comment number 153,0
tarantado,1
This is a toxic comment number 574,1
This is a safe comment number 1883,0
This is a safe comment number 1991,0
This is a safe comment number 1959,0
This is a toxic comment number 1504,1
This is a toxic comment number 1620,1
This is a safe comment number 1011,0
This is a toxic comment number 356,1
walang kwenta!!!,1
bwisit ka,1
This is a safe comment number 1253,0
panalo ka!,0
This is a toxic comment number 238,1
This is a toxic comment number 464,1
This is a toxic comment number 882,1
This is a toxic comment number 1364,1
This is a safe comment number 1467,0
This is a toxic comment number 544,1
This is a toxic comment number 932,1
This is a toxic comment number 494,1
This is a safe comment number 421,0
This is a toxic comment number 1730,1
This is a toxic comment number 558,1
This is a toxic comment number 1154,1
Dumb idiot ðŸ˜‚,1
congrats on your success,0
pagpalain ka,0
This is a toxic comment number 1912,1
wala kang silbi!!!,1
This is a safe comment number 653,0
This is a safe comment number 93,0
This is a toxic comment number 1498,1
This is a safe comment number 1993,0
This is a toxic comment number 858,1
ulol!,1
Stay positive!!!,0
This is a safe comment number 1873,0
This is a safe comment number 1067,0
This is a toxic comment number 1402,1
This is a safe comment number 1761,0
This is a safe comment number 119,0
This is a safe comment number 1551,0
HAVE A NICE DAY,0
This is a toxic comment number 282,1
WORTHLESS,1
This is a safe comment number 585,0
Stay positive,0
This is a safe comment number 937,0
This is a safe comment number 925,0
This is a safe comment number 1295,0
This is a toxic comment number 794,1
This is a safe comment number 1211,0
This is a safe comment number 235,0
This is a safe comment number 407,0
Disgusting animal ðŸ˜‚,1
This is a toxic comment number 818,1
This is a toxic comment number 1318,1
Thank you very much!,0
mahal kita,0
This is a toxic comment number 1210,1
This is a toxic comment number 40,1
This is a toxic comment number 1156,1
This is a safe comment number 775,0
This is a toxic comment number 1298,1
This is a safe comment number 929,0
This is a toxic comment number 0,1
This is a toxic comment number 550,1
This is a safe comment number 415,0
abnormal,1
This is a safe comment number 1425,0
This is a safe comment number 1521,0
This is a safe comment number 1693,0
This is a safe comment number 689,0
This is a toxic comment number 146,1
This is a safe comment number 1645,0
This is a toxic comment number 1316,1
This is a safe comment number 49,0
This is a safe comment number 17,0
This is a safe comment number 1671,0
This is a safe comment number 1153,0
This is a safe comment number 695,0
This is a toxic comment number 1656,1
Good job!,0
This is a toxic comment number 974,1
This is a toxic comment number 1110,1
This is a toxic comment number 1726,1
ampalaya,1
gago ðŸ˜¡,1
This is a toxic comment number 1800,1
This is a toxic comment number 1200,1
"Hey, dumbass",1
This is a toxic comment number 750,1
This is a toxic comment number 972,1
BWISIT KA,1
"Hey, You are kind",0
This is a safe comment number 1879,0
This is a safe comment number 279,0
This is a toxic comment number 1562,1
This is a safe comment number 87,0
This is a toxic comment number 236,1
This is a toxic comment number 530,1
This is a toxic comment number 546,1
This is a toxic comment number 1714,1
This is a safe comment number 245,0
This is a safe comment number 107,0
This is a safe comment number 1605,0
This is a safe comment number 1587,0
GO DIE,1
This is a safe comment number 1001,0
This is a toxic comment number 830,1
you are amazing,0
This is a toxic comment number 1968,1
KILL YOURSELF,1
This is a safe comment number 147,0
This is a safe comment number 1995,0
Worthless,1
This is a toxic comment number 1980,1
"Hoy, salot ka",1
dumbass!!!,1
BEST WISHES,0
This is a toxic comment number 860,1
This is a toxic comment number 74,1
This is a safe comment number 779,0
This is a safe comment number 257,0
This is a safe comment number 383,0
This is a toxic comment number 406,1
This is a safe comment number 787,0
This is a toxic comment number 418,1
This is a toxic comment number 756,1
This is a safe comment number 1505,0
This is a safe comment number 355,0
This is a safe comment number 295,0
This is a toxic comment number 936,1
This is a toxic comment number 1102,1
This is a toxic comment number 714,1
This is a safe comment number 209,0
mabuhay ka ðŸ˜Š,0
This is a safe comment number 1145,0
This is a safe comment number 463,0
This is a toxic comment number 1418,1
gago,1
This is a toxic comment number 1830,1
This is a toxic comment number 82,1
YOU ARE KIND,0
This is a safe comment number 1223,0
This is a toxic comment number 1396,1
This is a safe comment number 27,0
This is a toxic comment number 516,1
BAKLA,1
This is a safe comment number 1905,0
This is a toxic comment number 1804,1
This is a safe comment number 121,0
This is a safe comment number 639,0
This is a toxic comment number 1198,1
This is a toxic comment number 206,1
This is a toxic comment number 1394,1
idol kita,0
This is a toxic comment number 1864,1
Shut up loser,1
MARAMING SALAMAT,0
This is a safe comment number 667,0
Stay positive!,0
bobo ka ðŸ˜‚,1
This is a toxic comment number 518,1
PUTANGINA MO,1
This is a safe comment number 1325,0
This is a toxic comment number 1268,1
This is a toxic comment number 1304,1
Lazy fool!!!,1
This is a toxic comment number 522,1
This is a safe comment number 1161,0
This is a toxic comment number 1610,1
This is a safe comment number 289,0
This is a toxic comment number 1608,1
This is a toxic comment number 1882,1
This is a safe comment number 1867,0
This is a toxic comment number 4,1
This is a safe comment number 1283,0
tanga ðŸ˜‚,1
This is a toxic comment number 60,1
This is a toxic comment number 1626,1
This is a safe comment number 715,0
This is a safe comment number 1365,0
Moron!!!,1
This is a toxic comment number 1958,1
This is a safe comment number 219,0
This is a safe comment number 427,0
This is a safe comment number 39,0
This is a safe comment number 1743,0
This is a safe comment number 651,0
This is a toxic comment number 1734,1
This is a toxic comment number 204,1
This is a safe comment number 777,0
This is a toxic comment number 1014,1
This is a toxic comment number 162,1
Ugly pig ðŸ˜¡,1
This is a safe comment number 1563,0
"Hoy, malakas ka",0
This is a toxic comment number 908,1
This is a toxic comment number 1520,1
This is a toxic comment number 612,1
This is a toxic comment number 1068,1
Keep it up,0
This is a safe comment number 963,0
This is a safe comment number 271,0
This is a toxic comment number 270,1
keep it up,0
This is a safe comment number 1795,0
This is a safe comment number 661,0
This is a safe comment number 1175,0
This is a toxic comment number 1180,1
This is a safe comment number 1637,0
This is a safe comment number 1635,0
This is a safe comment number 255,0
This is a safe comment number 1969,0
malakas ka,0
Great work!,0
This is a safe comment number 315,0
stay positive,0
malakas ka,0
This is a safe comment number 901,0
This is a toxic comment number 1230,1
This is a toxic comment number 1052,1
This is a toxic comment number 1648,1
This is a safe comment number 611,0
This is a safe comment number 743,0
This is a toxic comment number 864,1
This is a toxic comment number 1484,1
This is a safe comment number 1105,0
This is a safe comment number 1445,0
This is a safe comment number 1195,0
This is a toxic comment number 642,1
pangit ka!,1
This is a safe comment number 319,0
This is a toxic comment number 710,1
This is a safe comment number 385,0
This is a safe comment number 595,0
This is a toxic comment number 1756,1
This is a safe comment number 133,0
Love wins!!!,0
This is a safe comment number 897,0
This is a safe comment number 475,0
ugok!,1
This is a safe comment number 1545,0
This is a safe comment number 1649,0
This is a toxic comment number 1492,1
"Hoy, tarantado",1
This is a safe comment number 53,0
"Hey, abnormal",1
ang galing mo!!!,0
This is a safe comment number 659,0
This is a safe comment number 943,0
This is a toxic comment number 692,1
This is a safe comment number 725,0
This is a safe comment number 1371,0
This is a safe comment number 1481,0
This is a safe comment number 1675,0
I HATE YOU,1
This is a safe comment number 605,0
This is a toxic comment number 726,1
This is a toxic comment number 904,1
You suck!,1
This is a safe comment number 845,0
abnormal ðŸ˜‚,1
This is a toxic comment number 928,1
This is a safe comment number 1411,0
This is a toxic comment number 94,1
This is a toxic comment number 148,1
This is a toxic comment number 946,1
This is a safe comment number 213,0
This is a safe comment number 1973,0
This is a toxic comment number 1754,1
This is a toxic comment number 10,1
Disgusting animal!,1
This is a toxic comment number 1264,1
This is a toxic comment number 328,1
This is a safe comment number 981,0
This is a safe comment number 1099,0
This is a toxic comment number 1868,1
This is a toxic comment number 1536,1
Ugly pig!!!,1
This is a safe comment number 761,0
This is a toxic comment number 1170,1
This is a toxic comment number 1386,1
This is a safe comment number 1461,0
This is a toxic comment number 452,1
Ugly pig ðŸ˜‚,1
ang galing mo ðŸ˜Š,0
This is a safe comment number 1081,0
dumbass ðŸ˜¡,1
This is a safe comment number 685,0
ugok!!!,1
Good job ðŸ˜Š,0
This is a toxic comment number 284,1
This is a safe comment number 1071,0
dumbass ðŸ˜‚,1
This is a toxic comment number 604,1
This is a safe comment number 411,0
This is a safe comment number 1471,0
abnormal,1
This is a safe comment number 865,0
This is a toxic comment number 1322,1
This is a toxic comment number 980,1
This is a safe comment number 789,0
This is a toxic comment number 410,1
This is a safe comment number 1121,0
This is a toxic comment number 1124,1
This is a toxic comment number 1046,1
Ugly pig!,1
This is a safe comment number 1607,0
This is a safe comment number 637,0
This is a safe comment number 117,0
This is a safe comment number 601,0
This is a toxic comment number 1944,1
I appreciate your effort ðŸ˜‚,0
Best wishes!,0
This is a toxic comment number 1684,1
This is a toxic comment number 1972,1
This is a toxic comment number 120,1
you're trash,1
This is a safe comment number 437,0
This is a safe comment number 1611,0
"Hey, Great work",0
This is a toxic comment number 804,1
This is a toxic comment number 210,1
This is a safe comment number 719,0
ugok ðŸ˜‚,1
This is a toxic comment number 1258,1
This is a toxic comment number 1254,1
This is a toxic comment number 1412,1
This is a safe comment number 895,0
This is a toxic comment number 1582,1
This is a safe comment number 237,0
This is a toxic comment number 1836,1
This is a safe comment number 1531,0
This is a toxic comment number 720,1
This is a safe comment number 829,0
This is a toxic comment number 58,1
This is a toxic comment number 702,1
This is a toxic comment number 1326,1
This is a toxic comment number 1926,1
This is a safe comment number 691,0
This is a toxic comment number 1924,1
bakla ðŸ˜‚,1
This is a toxic comment number 76,1
This is a safe comment number 1599,0
This is a safe comment number 649,0
This is a safe comment number 229,0
This is a safe comment number 1603,0
This is a safe comment number 525,0
This is a toxic comment number 434,1
This is a safe comment number 445,0
This is a safe comment number 1819,0
This is a toxic comment number 1678,1
i hate you,1
This is a safe comment number 521,0
This is a safe comment number 485,0
This is a safe comment number 1747,0
This is a toxic comment number 244,1
This is a toxic comment number 600,1
UNGGOY,1
This is a safe comment number 597,0
This is a toxic comment number 1058,1
Retard!!!,1
I APPRECIATE YOUR EFFORT,0
This is a safe comment number 843,0
you are stupid,1
GAGO,1
This is a safe comment number 1971,0
This is a safe comment number 1715,0
This is a toxic comment number 676,1
This is a safe comment number 1381,0
This is a toxic comment number 1218,1
This is a toxic comment number 414,1
"Hey, You are stupid",1
"Hey, That was helpful",0
This is a safe comment number 1923,0
This is a safe comment number 1405,0
This is a safe comment number 1361,0
This is a toxic comment number 1994,1
This is a safe comment number 223,0
This is a safe comment number 1979,0
This is a safe comment number 623,0
FREAK,1
This is a toxic comment number 488,1
This is a toxic comment number 1000,1
This is a safe comment number 717,0
salot ka!,1
This is a safe comment number 893,0
This is a safe comment number 471,0
This is a safe comment number 1051,0
This is a toxic comment number 846,1
This is a safe comment number 307,0
This is a toxic comment number 1338,1
This is a safe comment number 953,0
This is a toxic comment number 1896,1
This is a toxic comment number 1410,1
This is a safe comment number 177,0
This is a safe comment number 45,0
You are amazing ðŸ˜‚,0
This is a safe comment number 1287,0
This is a toxic comment number 798,1
This is a safe comment number 675,0
This is a toxic comment number 16,1
This is a safe comment number 995,0
This is a toxic comment number 1142,1
SIRA ULO,1
This is a safe comment number 115,0
This is a toxic comment number 1964,1
I appreciate your effort!,0
Shut up loser ðŸ˜¡,1
This is a toxic comment number 526,1
This is a safe comment number 1589,0
This is a safe comment number 1235,0
This is a toxic comment number 1348,1
This is a toxic comment number 376,1
This is a safe comment number 1681,0
This is a toxic comment number 1314,1
This is a safe comment number 1837,0
This is a safe comment number 331,0
This is a toxic comment number 1816,1
This is a toxic comment number 1654,1
This is a safe comment number 1347,0
This is a safe comment number 683,0
This is a toxic comment number 1028,1
This is a toxic comment number 1790,1
This is a safe comment number 1855,0
This is a toxic comment number 70,1
This is a safe comment number 1125,0
This is a toxic comment number 968,1
This is a toxic comment number 390,1
This is a toxic comment number 302,1
This is a toxic comment number 1822,1
This is a safe comment number 169,0
salamat po,0
This is a safe comment number 1777,0
This is a safe comment number 361,0
This is a toxic comment number 1828,1
ayos yan,0
THAT WAS HELPFUL,0
This is a toxic comment number 1818,1
This is a safe comment number 1479,0
This is a safe comment number 1231,0
This is a safe comment number 1711,0
SOBRANG BAIT MO,0
ayos yan,0
tanga!,1
This is a toxic comment number 770,1
This is a toxic comment number 450,1
Nobody likes you ðŸ˜‚,1
This is a toxic comment number 788,1
This is a safe comment number 1327,0
This is a toxic comment number 338,1
This is a safe comment number 1815,0
This is a safe comment number 225,0
salot ka ðŸ˜¡,1
You are kind!!!,0
Lazy fool ðŸ˜‚,1
This is a toxic comment number 240,1
This is a toxic comment number 180,1
This is a toxic comment number 110,1
This is a toxic comment number 194,1
This is a toxic comment number 884,1
This is a toxic comment number 796,1
This is a safe comment number 1951,0
This is a safe comment number 425,0
You are amazing!,0
This is a safe comment number 1077,0
Shut up loser!,1
This is a toxic comment number 1906,1
This is a safe comment number 939,0
walang kwenta,1
This is a toxic comment number 1640,1
This is a toxic comment number 1908,1
This is a toxic comment number 504,1
This is a safe comment number 507,0
This is a toxic comment number 1622,1
This is a safe comment number 1085,0
This is a toxic comment number 1888,1
panalo ka!!!,0
This is a safe comment number 323,0
This is a safe comment number 429,0
bakla ðŸ˜¡,1
tanga,1
This is a toxic comment number 1978,1
This is a toxic comment number 382,1
This is a toxic comment number 856,1
This is a toxic comment number 496,1
"Hey, You're trash",1
This is a safe comment number 1031,0
This is a safe comment number 1907,0
This is a safe comment number 629,0
This is a toxic comment number 1850,1
This is a toxic comment number 1480,1
hudas,1
Congrats on your success!,0
This is a toxic comment number 1018,1
bwisit ka!!!,1
This is a toxic comment number 1764,1
This is a safe comment number 1633,0
This is a safe comment number 839,0
This is a toxic comment number 1806,1
This is a safe comment number 1407,0
This is a toxic comment number 588,1
This is a toxic comment number 1718,1
This is a safe comment number 155,0
This is a toxic comment number 230,1
Dumb idiot ðŸ˜¡,1
This is a toxic comment number 1554,1
This is a toxic comment number 1334,1
This is a toxic comment number 276,1
This is a safe comment number 913,0
This is a toxic comment number 444,1
This is a toxic comment number 1802,1
This is a toxic comment number 970,1
This is a toxic comment number 1946,1
This is a toxic comment number 958,1
This is a toxic comment number 910,1
This is a toxic comment number 324,1
This is a toxic comment number 472,1
This is a safe comment number 577,0
This is a toxic comment number 170,1
This is a toxic comment number 1838,1
This is a toxic comment number 598,1
panalo ka ðŸ˜‚,0
This is a safe comment number 1765,0
This is a safe comment number 333,0
This is a toxic comment number 1988,1
This is a toxic comment number 416,1
This is a safe comment number 1593,0
This is a safe comment number 175,0
tarantado,1
This is a toxic comment number 392,1
This is a toxic comment number 706,1
This is a safe comment number 381,0
This is a safe comment number 1293,0
This is a toxic comment number 594,1
This is a toxic comment number 1732,1
This is a safe comment number 1,0
Nobody likes you!!!,1
walang kwenta ðŸ˜‚,1
This is a toxic comment number 1630,1
This is a safe comment number 1825,0
This is a toxic comment number 420,1
This is a safe comment number 799,0
This is a toxic comment number 1272,1
This is a safe comment number 1625,0
This is a toxic comment number 564,1
This is a safe comment number 443,0
This is a toxic comment number 1340,1
Kill yourself!!!,1
pagpalain ka!!!,0
This is a safe comment number 617,0
This is a toxic comment number 1570,1
This is a safe comment number 729,0
This is a toxic comment number 626,1
salamat po ðŸ˜Š,0
That was helpful ðŸ˜‚,0
swerte mo ðŸ˜‚,0
dumbass!,1
This is a toxic comment number 134,1
Keep it up ðŸ˜‚,0
This is a safe comment number 131,0
This is a safe comment number 1307,0
This is a toxic comment number 1126,1
I hate you!,1
This is a toxic comment number 790,1
This is a toxic comment number 1546,1
This is a safe comment number 575,0
This is a safe comment number 541,0
shut up loser,1
This is a safe comment number 1961,0
This is a safe comment number 879,0
This is a toxic comment number 126,1
This is a toxic comment number 46,1
This is a safe comment number 781,0
This is a safe comment number 231,0
This is a safe comment number 679,0
This is a safe comment number 1657,0
This is a toxic comment number 1832,1
This is a toxic comment number 586,1
This is a toxic comment number 1858,1
This is a safe comment number 515,0
This is a safe comment number 35,0
"Hoy, ayos yan",0
This is a toxic comment number 374,1
This is a toxic comment number 1162,1
idol kita!!!,0
This is a toxic comment number 56,1
This is a toxic comment number 1074,1
This is a safe comment number 1811,0
This is a toxic comment number 1292,1
This is a toxic comment number 300,1
This is a toxic comment number 226,1
Have a nice day ðŸ˜Š,0
This is a toxic comment number 408,1
"Hey, Go die",1
This is a toxic comment number 178,1
This is a toxic comment number 190,1
This is a safe comment number 1719,0
This is a safe comment number 1843,0
This is a safe comment number 1317,0
This is a safe comment number 1685,0
This is a safe comment number 1957,0
This is a safe comment number 397,0
This is a safe comment number 527,0
This is a safe comment number 1465,0
This is a toxic comment number 648,1
This is a toxic comment number 1098,1
well done,0
This is a toxic comment number 982,1
This is a toxic comment number 984,1
sira ulo,1
"Hey, Lazy fool",1
This is a toxic comment number 592,1
This is a safe comment number 137,0
buti pa ikaw ðŸ˜‚,0
This is a toxic comment number 1650,1
mabuhay ka!!!,0
Retard ðŸ˜‚,1
unggoy ðŸ˜¡,1
This is a toxic comment number 1078,1
This is a toxic comment number 1240,1
This is a toxic comment number 362,1
This is a safe comment number 1273,0
This is a safe comment number 537,0
This is a toxic comment number 1878,1
swerte mo!,0
This is a safe comment number 1367,0
This is a safe comment number 1517,0
LECHE KA,1
This is a safe comment number 467,0
panalo ka,0
This is a safe comment number 765,0
disgusting animal,1
This is a safe comment number 311,0
This is a safe comment number 215,0
This is a safe comment number 1311,0
This is a safe comment number 321,0
This is a safe comment number 855,0
This is a toxic comment number 744,1
This is a toxic comment number 346,1
This is a toxic comment number 44,1
This is a toxic comment number 622,1
This is a toxic comment number 412,1
This is a safe comment number 1899,0
This is a safe comment number 37,0
This is a safe comment number 1917,0
This is a toxic comment number 1368,1
gago!,1
This is a safe comment number 7,0
This is a safe comment number 451,0
This is a toxic comment number 1284,1
This is a toxic comment number 52,1
This is a safe comment number 55,0
leche ka ðŸ˜¡,1
This is a safe comment number 809,0
This is a safe comment number 735,0
This is a toxic comment number 722,1
maraming salamat ðŸ˜‚,0
This is a safe comment number 1091,0
hudas ðŸ˜‚,1
This is a toxic comment number 174,1
freak!!!,1
"Hey, Kill yourself",1
This is a safe comment number 373,0
This is a toxic comment number 474,1
This is a safe comment number 1731,0
This is a toxic comment number 760,1
This is a safe comment number 1171,0
"Hey, I appreciate your effort",0
This is a safe comment number 457,0
You're trash ðŸ˜‚,1
This is a safe comment number 905,0
This is a toxic comment number 1336,1
This is a safe comment number 1939,0
This is a safe comment number 493,0
This is a safe comment number 511,0
This is a safe comment number 241,0
astig ka pre!!!,0
This is a safe comment number 1213,0
TANGA,1
This is a safe comment number 1801,0
This is a toxic comment number 814,1
"Hey, Nobody likes you",1
This is a toxic comment number 850,1
This is a toxic comment number 108,1
You are stupid!!!,1
This is a toxic comment number 992,1
This is a toxic comment number 1634,1
This is a safe comment number 991,0
This is a safe comment number 1155,0
Thank you very much ðŸ˜‚,0
pangit ka ðŸ˜‚,1
IDOL KITA,0
This is a safe comment number 1839,0
This is a safe comment number 1641,0
DUMB IDIOT,1
This is a toxic comment number 1010,1
This is a toxic comment number 1466,1
This is a toxic comment number 1372,1
This is a toxic comment number 1354,1
This is a safe comment number 565,0
This is a safe comment number 103,0
bwisit ka!,1
This is a safe comment number 711,0
This is a safe comment number 371,0
ABNORMAL,1
This is a safe comment number 1679,0
This is a toxic comment number 660,1
This is a safe comment number 187,0
This is a toxic comment number 1404,1
This is a safe comment number 1299,0
This is a safe comment number 1337,0
This is a safe comment number 1303,0
This is a toxic comment number 330,1
idol kita ðŸ˜‚,0
This is a toxic comment number 1846,1
RETARD,1
This is a toxic comment number 1890,1
This is a safe comment number 547,0
thank you very much,0
This is a safe comment number 207,0
You are stupid,1
This is a toxic comment number 1910,1
This is a safe comment number 1449,0
This is a safe comment number 1263,0
mabuhay ka!,0
This is a toxic comment number 198,1
mahal kita!,0
This is a toxic comment number 954,1
This is a safe comment number 1529,0
This is a safe comment number 1595,0
This is a safe comment number 1301,0
Love wins,0
This is a safe comment number 351,0
This is a toxic comment number 38,1
This is a safe comment number 1687,0
This is a toxic comment number 902,1
This is a toxic comment number 582,1
This is a safe comment number 1953,0
This is a safe comment number 741,0
This is a safe comment number 163,0
ang galing mo!,0
This is a toxic comment number 1918,1
This is a toxic comment number 430,1
This is a toxic comment number 1414,1
This is a toxic comment number 922,1
This is a toxic comment number 562,1
This is a safe comment number 853,0
Well done!,0
ulol ðŸ˜¡,1
This is a toxic comment number 894,1
This is a safe comment number 1037,0
"Hey, ugok",1
This is a toxic comment number 216,1
This is a toxic comment number 1070,1
This is a toxic comment number 1658,1
This is a toxic comment number 1184,1
This is a safe comment number 1881,0
This is a toxic comment number 1090,1
This is a safe comment number 979,0
This is a safe comment number 389,0
This is a toxic comment number 1670,1
This is a safe comment number 1797,0
This is a toxic comment number 698,1
This is a toxic comment number 1840,1
This is a toxic comment number 480,1
maraming salamat!,0
This is a safe comment number 11,0
This is a safe comment number 1909,0
This is a toxic comment number 278,1
RETARD,1
This is a toxic comment number 650,1
I hate you!!!,1
This is a toxic comment number 1024,1
This is a safe comment number 851,0
This is a toxic comment number 854,1
Worthless!,1
This is a toxic comment number 1324,1
wala kang silbi ðŸ˜¡,1
This is a toxic comment number 1774,1
This is a safe comment number 51,0
astig ka pre ðŸ˜Š,0
salamat po ðŸ˜‚,0
This is a safe comment number 709,0
This is a toxic comment number 1606,1
Keep it up!!!,0
This is a safe comment number 1631,0
This is a safe comment number 731,0
Best wishes,0
hudas!!!,1
This is a toxic comment number 1432,1
This is a safe comment number 1093,0
ampalaya,1
This is a safe comment number 1573,0
This is a toxic comment number 1728,1
This is a toxic comment number 924,1
This is a safe comment number 233,0
This is a toxic comment number 1236,1
This is a toxic comment number 1144,1
This is a safe comment number 817,0
This is a toxic comment number 704,1
This is a safe comment number 263,0
bobo ka,1
This is a toxic comment number 1370,1
bobo ka!,1
This is a safe comment number 1929,0
This is a toxic comment number 668,1
This is a toxic comment number 1450,1
This is a safe comment number 1443,0
This is a toxic comment number 1856,1
This is a toxic comment number 1552,1
This is a safe comment number 899,0
"Hey, Dumb idiot",1
This is a safe comment number 771,0
This is a toxic comment number 634,1
This is a toxic comment number 1934,1
This is a safe comment number 983,0
This is a toxic comment number 536,1
This is a toxic comment number 364,1
That was helpful!!!,0
CONGRATS ON YOUR SUCCESS,0
This is a toxic comment number 50,1
This is a safe comment number 1557,0
This is a safe comment number 201,0
This is a safe comment number 1659,0
GREAT WORK,0
This is a safe comment number 1663,0
This is a safe comment number 43,0
freak ðŸ˜‚,1
This is a safe comment number 105,0
This is a safe comment number 973,0
This is a safe comment number 803,0
This is a toxic comment number 1026,1
"Hoy, ampalaya",1
This is a safe comment number 965,0
This is a safe comment number 109,0
This is a safe comment number 875,0
This is a toxic comment number 1686,1
This is a toxic comment number 294,1
I appreciate your effort!!!,0
maraming salamat ðŸ˜Š,0
This is a toxic comment number 1288,1
This is a toxic comment number 1174,1
This is a safe comment number 1567,0
This is a toxic comment number 1776,1
This is a toxic comment number 18,1
This is a safe comment number 959,0
you suck,1
This is a safe comment number 847,0
This is a toxic comment number 952,1
This is a toxic comment number 358,1
"Hoy, ingat ka palagi",0
Thank you very much ðŸ˜Š,0
This is a safe comment number 1487,0
This is a toxic comment number 66,1
This is a toxic comment number 746,1
walang kwenta ðŸ˜¡,1
This is a toxic comment number 512,1
ayos yan!,0
This is a safe comment number 663,0
This is a toxic comment number 1248,1
This is a toxic comment number 6,1
This is a toxic comment number 1584,1
Good job ðŸ˜‚,0
NOBODY LIKES YOU,1
This is a safe comment number 1913,0
leche ka ðŸ˜‚,1
This is a toxic comment number 1134,1
This is a toxic comment number 12,1
This is a safe comment number 1065,0
Ugly pig,1
You are amazing,0
This is a toxic comment number 304,1
This is a safe comment number 951,0
This is a safe comment number 961,0
This is a safe comment number 1897,0
This is a safe comment number 1215,0
SALOT KA,1
This is a safe comment number 1799,0
This is a safe comment number 1781,0
This is a toxic comment number 590,1
This is a safe comment number 1859,0
This is a toxic comment number 1612,1
bobo ka ðŸ˜¡,1
ulol ðŸ˜‚,1
This is a toxic comment number 1914,1
This is a toxic comment number 90,1
This is a safe comment number 915,0
This is a safe comment number 1695,0
Moron ðŸ˜¡,1
This is a toxic comment number 870,1
This is a toxic comment number 220,1
This is a safe comment number 249,0
This is a safe comment number 1769,0
This is a safe comment number 379,0
This is a toxic comment number 1702,1
astig ka pre,0
This is a toxic comment number 1182,1
This is a toxic comment number 1100,1
This is a safe comment number 31,0
This is a safe comment number 1927,0
This is a safe comment number 13,0
This is a safe comment number 791,0
This is a safe comment number 473,0
I hate you ðŸ˜¡,1
This is a toxic comment number 286,1
This is a toxic comment number 1676,1
This is a safe comment number 1955,0
This is a safe comment number 1547,0
putangina mo,1
This is a toxic comment number 478,1
This is a safe comment number 1053,0
This is a toxic comment number 624,1
This is a safe comment number 291,0
This is a safe comment number 197,0
This is a toxic comment number 1782,1
This is a safe comment number 1143,0
This is a toxic comment number 250,1
This is a toxic comment number 1632,1
This is a toxic comment number 1544,1
This is a safe comment number 861,0
This is a toxic comment number 136,1
This is a safe comment number 627,0
This is a safe comment number 1069,0
This is a safe comment number 1159,0
This is a safe comment number 609,0
sobrang bait mo!,0
This is a safe comment number 1435,0
This is a safe comment number 533,0
This is a safe comment number 313,0
This is a toxic comment number 768,1
This is a safe comment number 281,0
This is a toxic comment number 1128,1
pagpalain ka ðŸ˜Š,0
This is a toxic comment number 1232,1
This is a safe comment number 767,0
"Hey, Thank you very much",0
Well done ðŸ˜‚,0
This is a toxic comment number 1894,1
This is a toxic comment number 658,1
This is a safe comment number 1203,0
This is a safe comment number 1617,0
This is a toxic comment number 534,1
ANG GALING MO,0
This is a safe comment number 1585,0
This is a safe comment number 1817,0
ayos yan ðŸ˜Š,0
This is a safe comment number 1267,0
leche ka!,1
This is a safe comment number 999,0
This is a toxic comment number 608,1
This is a safe comment number 1665,0
sobrang bait mo,0
This is a safe comment number 687,0
This is a safe comment number 23,0
This is a toxic comment number 1220,1
This is a safe comment number 337,0
This is a toxic comment number 1948,1
This is a safe comment number 1495,0
This is a safe comment number 71,0
This is a safe comment number 277,0
This is a toxic comment number 1960,1
This is a toxic comment number 1012,1
This is a safe comment number 1629,0
Love wins ðŸ˜Š,0
astig ka pre ðŸ˜‚,0
This is a safe comment number 1419,0
This is a toxic comment number 754,1
This is a toxic comment number 1586,1
This is a safe comment number 811,0
This is a safe comment number 607,0
putangina mo!,1
This is a toxic comment number 1526,1
This is a safe comment number 1027,0
This is a safe comment number 1281,0
This is a safe comment number 417,0
This is a toxic comment number 22,1
This is a safe comment number 1259,0
This is a toxic comment number 442,1
This is a toxic comment number 1332,1
This is a safe comment number 345,0
This is a safe comment number 923,0
This is a safe comment number 569,0
This is a safe comment number 1101,0
"Hey, unggoy",1
This is a safe comment number 487,0
This is a toxic comment number 142,1
This is a safe comment number 1401,0
This is a toxic comment number 158,1
This is a toxic comment number 1558,1
This is a safe comment number 1689,0
This is a safe comment number 1289,0
Keep it up ðŸ˜Š,0
This is a safe comment number 1473,0
unggoy!!!,1
bwisit ka,1
This is a toxic comment number 306,1
This is a safe comment number 165,0
This is a toxic comment number 556,1
This is a toxic comment number 424,1
You're trash!!!,1
This is a safe comment number 1789,0
This is a toxic comment number 310,1
This is a toxic comment number 454,1
This is a toxic comment number 172,1
This is a safe comment number 1321,0
Disgusting animal!!!,1
This is a toxic comment number 1512,1
This is a safe comment number 1185,0
This is a safe comment number 401,0
Congrats on your success!!!,0
This is a toxic comment number 1600,1
This is a toxic comment number 1286,1
This is a safe comment number 989,0
"Keep going, youâ€™re doing well!",0
This is a toxic comment number 1510,1
This is a toxic comment number 554,1
This is a safe comment number 273,0
This is a toxic comment number 1444,1
This is a safe comment number 969,0
This is a safe comment number 1193,0
This is a toxic comment number 1448,1
This is a safe comment number 1911,0
This is a safe comment number 1309,0
This is a safe comment number 1569,0
This is a toxic comment number 1572,1
You suck,1
This is a toxic comment number 1750,1
